{
    "name": "root",
    "gauges": {
        "FoodCollector.Policy.Entropy.mean": {
            "value": 1.1430872678756714,
            "min": 1.1430872678756714,
            "max": 1.3859937191009521,
            "count": 33
        },
        "FoodCollector.Policy.Entropy.sum": {
            "value": 12091.5771484375,
            "min": 11319.9892578125,
            "max": 14037.3447265625,
            "count": 33
        },
        "FoodCollector.Environment.EpisodeLength.mean": {
            "value": 59.172413793103445,
            "min": 59.172413793103445,
            "max": 59.22222222222222,
            "count": 33
        },
        "FoodCollector.Environment.EpisodeLength.sum": {
            "value": 10296.0,
            "min": 9588.0,
            "max": 10296.0,
            "count": 33
        },
        "FoodCollector.Step.mean": {
            "value": 329958.0,
            "min": 9996.0,
            "max": 329958.0,
            "count": 33
        },
        "FoodCollector.Step.sum": {
            "value": 329958.0,
            "min": 9996.0,
            "max": 329958.0,
            "count": 33
        },
        "FoodCollector.Policy.ExtrinsicValueEstimate.mean": {
            "value": -0.22105789184570312,
            "min": -0.2778315842151642,
            "max": 0.016695832833647728,
            "count": 33
        },
        "FoodCollector.Policy.ExtrinsicValueEstimate.sum": {
            "value": -36.69561004638672,
            "min": -46.12004089355469,
            "max": 2.77150821685791,
            "count": 33
        },
        "FoodCollector.Environment.CumulativeReward.mean": {
            "value": -0.08596799899655652,
            "min": -0.39358912435281707,
            "max": -0.06325751480208822,
            "count": 33
        },
        "FoodCollector.Environment.CumulativeReward.sum": {
            "value": -14.270687833428383,
            "min": -65.33579464256763,
            "max": -10.500747457146645,
            "count": 33
        },
        "FoodCollector.Policy.ExtrinsicReward.mean": {
            "value": -0.08596799899655652,
            "min": -0.39358912435281707,
            "max": -0.06325751480208822,
            "count": 33
        },
        "FoodCollector.Policy.ExtrinsicReward.sum": {
            "value": -14.270687833428383,
            "min": -65.33579464256763,
            "max": -10.500747457146645,
            "count": 33
        },
        "FoodCollector.IsTraining.mean": {
            "value": 1.0,
            "min": 1.0,
            "max": 1.0,
            "count": 33
        },
        "FoodCollector.IsTraining.sum": {
            "value": 1.0,
            "min": 1.0,
            "max": 1.0,
            "count": 33
        },
        "FoodCollector.Losses.PolicyLoss.mean": {
            "value": 0.020440870787327488,
            "min": 0.020440870787327488,
            "max": 0.02735018093759815,
            "count": 16
        },
        "FoodCollector.Losses.PolicyLoss.sum": {
            "value": 0.020440870787327488,
            "min": 0.020440870787327488,
            "max": 0.02735018093759815,
            "count": 16
        },
        "FoodCollector.Losses.ValueLoss.mean": {
            "value": 0.011735116162647804,
            "min": 0.008722319376344483,
            "max": 0.06040719573696454,
            "count": 16
        },
        "FoodCollector.Losses.ValueLoss.sum": {
            "value": 0.011735116162647804,
            "min": 0.008722319376344483,
            "max": 0.06040719573696454,
            "count": 16
        },
        "FoodCollector.Policy.LearningRate.mean": {
            "value": 0.00010234926588359999,
            "min": 0.00010234926588359999,
            "max": 0.00028764480411840005,
            "count": 16
        },
        "FoodCollector.Policy.LearningRate.sum": {
            "value": 0.00010234926588359999,
            "min": 0.00010234926588359999,
            "max": 0.00028764480411840005,
            "count": 16
        },
        "FoodCollector.Policy.Epsilon.mean": {
            "value": 0.13411640000000002,
            "min": 0.13411640000000002,
            "max": 0.19588160000000002,
            "count": 16
        },
        "FoodCollector.Policy.Epsilon.sum": {
            "value": 0.13411640000000002,
            "min": 0.13411640000000002,
            "max": 0.19588160000000002,
            "count": 16
        },
        "FoodCollector.Policy.Beta.mean": {
            "value": 0.0017124083600000004,
            "min": 0.0017124083600000004,
            "max": 0.004794491840000001,
            "count": 16
        },
        "FoodCollector.Policy.Beta.sum": {
            "value": 0.0017124083600000004,
            "min": 0.0017124083600000004,
            "max": 0.004794491840000001,
            "count": 16
        }
    },
    "metadata": {
        "timer_format_version": "0.1.0",
        "start_time_seconds": "1747746539",
        "python_version": "3.8.20 | packaged by conda-forge | (default, Sep 30 2024, 17:44:03) [MSC v.1929 64 bit (AMD64)]",
        "command_line_arguments": "C:\\Users\\Admin\\anaconda3\\envs\\mlagents-env\\Scripts\\mlagents-learn config\\food5.yaml --run-id=MyRun5 --force",
        "mlagents_version": "0.30.0",
        "mlagents_envs_version": "0.30.0",
        "communication_protocol_version": "1.5.0",
        "pytorch_version": "1.13.1+cpu",
        "numpy_version": "1.21.2",
        "end_time_seconds": "1747749075"
    },
    "total": 2535.8447542000004,
    "count": 1,
    "self": 0.03642020000052071,
    "children": {
        "run_training.setup": {
            "total": 0.36366530000000097,
            "count": 1,
            "self": 0.36366530000000097
        },
        "TrainerController.start_learning": {
            "total": 2535.4446687,
            "count": 1,
            "self": 4.9113707000119575,
            "children": {
                "TrainerController._reset_env": {
                    "total": 18.8850595,
                    "count": 1,
                    "self": 18.8850595
                },
                "TrainerController.advance": {
                    "total": 2511.0623796999885,
                    "count": 56431,
                    "self": 2.5186254000041117,
                    "children": {
                        "env_step": {
                            "total": 2508.5437542999844,
                            "count": 56431,
                            "self": 2072.1938465999838,
                            "children": {
                                "SubprocessEnvManager._take_step": {
                                    "total": 433.7045303999882,
                                    "count": 56431,
                                    "self": 10.65517500000243,
                                    "children": {
                                        "TorchPolicy.evaluate": {
                                            "total": 423.04935539998576,
                                            "count": 55691,
                                            "self": 423.04935539998576
                                        }
                                    }
                                },
                                "workers": {
                                    "total": 2.6453773000126475,
                                    "count": 56430,
                                    "self": 0.0,
                                    "children": {
                                        "worker_root": {
                                            "total": 2521.3230973,
                                            "count": 56430,
                                            "is_parallel": true,
                                            "self": 697.7451971999985,
                                            "children": {
                                                "steps_from_proto": {
                                                    "total": 0.001215200000000749,