{"count":1,"self":211.716736,"total":283.19634909999996,"children":{"InitializeActuators":{"count":6,"self":0.0072584999999999993,"total":0.0072584999999999993,"children":null},"InitializeSensors":{"count":6,"self":0.0041253999999999996,"total":0.0041253999999999996,"children":null},"AgentSendState":{"count":13671,"self":2.1446312,"total":2.6571403,"children":{"CollectObservations":{"count":16410,"self":0.288678,"total":0.288678,"children":null},"WriteActionMask":{"count":16410,"self":0.0597218,"total":0.0597218,"children":null},"RequestDecision":{"count":16410,"self":0.16410919999999998,"total":0.16410919999999998,"children":null}}},"DecideAction":{"count":13671,"self":8.02516,"total":8.3004173999999988,"children":{"RayPerceptionSensor.Perceive":{"count":16410,"self":0.2752574,"total":0.2752574,"children":null}}},"AgentAct":{"count":13671,"self":60.509631999999996,"total":60.509634299999995,"children":null}},"gauges":{"FoodCollector.CumulativeReward":{"count":270,"max":3.80212069,"min":0.559611559,"runningAverage":2.51569915,"value":2.885753,"weightedAverage":2.82167554}},"metadata":{"timer_format_version":"0.1.0","start_time_seconds":"1748009152","unity_version":"2021.3.36f1","command_line_arguments":"C:\\Program Files\\Unity\\Hub\\Editor\\2021.3.36f1\\Editor\\Unity.exe -projectpath C:\\Users\\Admin\\GoodFoodAgent -useHub -hubIPC -cloudEnvironment production","communication_protocol_version":"1.5.0","com.unity.ml-agents_version":"2.3.0-exp.3","scene_name":"SampleScene","end_time_seconds":"1748009435"}}